{"cameraMode":{"drawMode":0,"name":"Shaded","section":"Shading Mode"},"sceneLighting":true,"audioPlay":false,"sceneViewState":{"m_AlwaysRefresh":false,"showFog":true,"showSkybox":true,"showFlares":true,"showImageEffects":true,"showParticleSystems":true,"showVisualEffectGraphs":true,"m_FxEnabled":true},"in2DMode":false,"pivot":{"x":-0.6115697622299194,"y":0.315365731716156,"z":-0.6885596513748169},"rotation":{"x":0.09003333747386933,"y":0.2177867591381073,"z":-0.020179586485028268,"w":0.9716284275054932},"size":2.4590046405792238,"orthographic":false}